"OldName","FinalName"
"8020.png","8020-portfolio_gallery_8020.png"
"8020_hero.jpg","8020-portfolio_hero.jpg"
"Arbeitsprobe_2022_01.jpg","arbeitsprobe2022_gallery_01.jpg"
"Arbeitsprobe_2022_02.jpg","arbeitsprobe2022_gallery_02.jpg"
"Arbeitsprobe_2022_04.jpg","arbeitsprobe2022_gallery_04.jpg"
"Arbeitsprobe_2022_05.jpg","arbeitsprobe2022_gallery_05.jpg"
"Arbeitsprobe_2022_06.jpg","arbeitsprobe2022_gallery_06.jpg"
"Arbeitsprobe_2022_07.jpg","arbeitsprobe2022_gallery_07.jpg"
"Arbeitsprobe_2022_08.jpg","arbeitsprobe2022_gallery_08.jpg"
"Arbeitsprobe_2022_09.jpg","arbeitsprobe2022_gallery_09.jpg"
"Arbeitsprobe_2022_10.jpg","arbeitsprobe2022_gallery_10.jpg"
"Arbeitsprobe_2022_11.jpg","arbeitsprobe2022_gallery_11.jpg"
"Arbeitsprobe_2022_12.jpg","arbeitsprobe2022_gallery_12.jpg"
"Arbeitsprobe_2022_13.jpg","arbeitsprobe2022_gallery_13.jpg"
"Arbeitsprobe_2022_14.jpg","arbeitsprobe2022_gallery_14.jpg"
"Arbeitsprobe_2022_15.jpg","arbeitsprobe2022_gallery_15.jpg"
"Arbeitsprobe_2022_16.jpg","arbeitsprobe2022_gallery_16.jpg"
"Arbeitsprobe_2022_17.jpg","arbeitsprobe2022_gallery_17.jpg"
"Arbeitsprobe_2022_18.jpg","arbeitsprobe2022_gallery_18.jpg"
"Arbeitsprobe_2022_19.jpg","arbeitsprobe2022_gallery_19.jpg"
"Arbeitsprobe_2022_20.jpg","arbeitsprobe2022_gallery_20.jpg"
"Arbeitsprobe_2022_21.jpg","arbeitsprobe2022_gallery_21.jpg"
"Arbeitsprobe_2022_22.jpg","arbeitsprobe2022_gallery_22.jpg"
"Arbeitsprobe_2022_23.jpg","arbeitsprobe2022_gallery_23.jpg"
"Arbeitsprobe_2022_24.jpg","arbeitsprobe2022_gallery_24.jpg"
"Arbeitsprobe_2022_25.jpg","arbeitsprobe2022_gallery_25.jpg"
"Architektur_1.png","architektur-ai_gallery_01.png"
"Architektur_2.gif","architektur-ai_gallery_02.gif"
"Architektur_3.png","architektur-ai_gallery_03.png"
"Architektur_4.png","architektur-ai_gallery_04.png"
"Architektur_5.jpg","architektur-ai_gallery_05.jpg"
"Architektur_6.png","architektur-ai_gallery_06.png"
"Architektur_7.webp","architektur-ai_gallery_07.webp"
"CEASAR_ (1).png","emission-compliance_gallery_01.png"
"CEASAR_ (10).png","emission-compliance_gallery_10.png"
"CEASAR_ (11).png","emission-compliance_gallery_11.png"
"CEASAR_ (2).png","emission-compliance_gallery_02.png"
"CEASAR_ (3).png","emission-compliance_gallery_03.png"
"CEASAR_ (4).png","emission-compliance_gallery_04.png"
"CEASAR_ (5).png","emission-compliance_gallery_05.png"
"CEASAR_ (6).png","emission-compliance_gallery_06.png"
"CEASAR_ (7).png","emission-compliance_gallery_07.png"
"CEASAR_ (8).png","emission-compliance_gallery_08.png"
"CEASAR_ (9).png","emission-compliance_gallery_09.png"
"ceasar_gallery_01.png","emission-compliance_gallery_12.png"
"ceasar_gallery_010.png","emission-compliance_gallery_13.png"
"ceasar_gallery_011.png","emission-compliance_gallery_14.png"
"ceasar_gallery_02.png","emission-compliance_gallery_15.png"
"ceasar_gallery_03.png","emission-compliance_gallery_16.png"
"ceasar_gallery_04.png","emission-compliance_gallery_17.png"
"ceasar_gallery_05.png","emission-compliance_gallery_18.png"
"ceasar_gallery_06.png","emission-compliance_gallery_19.png"
"ceasar_gallery_07.png","emission-compliance_gallery_20.png"
"ceasar_gallery_08.png","emission-compliance_gallery_21.png"
"ceasar_gallery_09.png","emission-compliance_gallery_22.png"
"ceasar_gallery_10.png","emission-compliance_gallery_23.png"
"ceasar_gallery_11.png","emission-compliance_gallery_24.png"
"CEASAR_hero.jpg","emission-compliance_gallery_25.jpg"
"emission_compliance_hero.jpg","emission-compliance_hero.jpg"
"FFP - Detail - all open.png","ffp-dashboard_gallery_01.png"
"FFP - Detail - all open-1.png","ffp-dashboard_gallery_02.png"
"FFP  DIAGNOSE AUSWERTUNG - Dashboard - Clear.png","ffp-dashboard_gallery_03.png"
"FFP  Diagnose Dashboard.png","ffp-dashboard_gallery_04.png"
"FFP  DISS Tagging - Department tag list - view Tagmaster.png","ffp-dashboard_gallery_05.png"
"FFP  Reporting Dashboard.png","ffp-dashboard_gallery_06.png"
"FFP  SAGA AUSWERTUNG - Dashboard - Clear.png","ffp-dashboard_gallery_07.png"
"FFP Dashboard.png","ffp-dashboard_gallery_08.png"
"FFP Dashboard-1.png","ffp-dashboard_gallery_09.png"
"FFP Saga Dashboard.png","ffp-dashboard_gallery_10.png"
"FFP_Charts.png","ffp-dashboard_gallery_11.png"
"ffp_dashboard_hero.jpg","ffp-dashboard_hero.jpg"
"FFP_Dashboard_herop.jpg","ffp-dashboard_gallery_12.jpg"
"FFP_Detail.png","ffp-dashboard_gallery_13.png"
"ffp_gallery_01.png","ffp-dashboard_gallery_14.png"
"ffp_gallery_02.png","ffp-dashboard_gallery_15.png"
"ffp_gallery_03.png","ffp-dashboard_gallery_16.png"
"ffp_gallery_04.png","ffp-dashboard_gallery_17.png"
"ffp_gallery_05.png","ffp-dashboard_gallery_18.png"
"ffp_gallery_06.png","ffp-dashboard_gallery_19.png"
"ffp_gallery_07.png","ffp-dashboard_gallery_20.png"
"ffp_gallery_08.png","ffp-dashboard_gallery_21.png"
"ffp_gallery_09.png","ffp-dashboard_gallery_22.png"
"ffp_gallery_10.png","ffp-dashboard_gallery_23.png"
"ffp_gallery_11.png","ffp-dashboard_gallery_24.png"
"ffp_gallery_12.png","ffp-dashboard_gallery_25.png"
"FFP_Reporting.png","ffp-dashboard_gallery_26.png"
"Kontrast_01.png","kontrast-festival_gallery_01.png"
"Kontrast_02.png","kontrast-festival_gallery_02.png"
"Kontrast_03.png","kontrast-festival_gallery_03.png"
"Kontrast_04.png","kontrast-festival_gallery_04.png"
"Kontrast_05.png","kontrast-festival_gallery_05.png"
"Kontrast_07.jpg","kontrast-festival_gallery_07.jpg"
"Kontrast_08.jpg","kontrast-festival_gallery_08.jpg"
"Kontrast_09.jpg","kontrast-festival_gallery_09.jpg"
"Kontrast_10.jpg","kontrast-festival_gallery_10.jpg"
"Kontrast_11.jpg","kontrast-festival_gallery_11.jpg"
"Kontrast_12.jpg","kontrast-festival_gallery_12.jpg"
"Kontrast_96.jpg","kontrast-festival_gallery_96.jpg"
"Kovon_detailed_evaluation.jpg","kovon_gallery_01_dup01.jpg"
"kovon_gallery_01.jpg","kovon_gallery_02.jpg"
"kovon_gallery_02.png","kovon_gallery_03.png"
"kovon_gallery_03.jpg","kovon_gallery_04_dup01.jpg"
"kovon_gallery_04.jpg","kovon_gallery_05_dup01.jpg"
"kovon_gallery_05.jpg","kovon_gallery_06_dup01.jpg"
"kovon_gallery_06.jpg","kovon_gallery_07_dup01.jpg"
"kovon_gallery_07.jpg","kovon_gallery_08.jpg"
"Kovon_multiassign.png","kovon_gallery_09.png"
"Kovon_Regulation_evaluartioon_dashboard.jpg","kovon_gallery_10.jpg"
"Kovon_regulation_review.jpg","kovon_gallery_11.jpg"
"Kovon_StatusSystem_Bodysystem_dashboard.jpg","kovon_gallery_12.jpg"
"Kovon_Task Board_Regulation_dashboard.jpg","kovon_gallery_13.jpg"
"Kovon_Vehicle_project_dashboard.jpg","kovon_gallery_14.jpg"
"Samani_01.jpg","samani-rebranding_gallery_01.jpg"
"Samani_02.png","samani-rebranding_gallery_02.png"
"Samani_03.png","samani-rebranding_gallery_03.png"
"Samani_04.jpg","samani-rebranding_gallery_04.jpg"
"sap_automation_bot_hero.png","automation_hero.png"
